True Label,0,1,2
0,88.23529411764706,0.0,11.76470588235294
1,0.0,90.0,10.0
2,4.166666666666666,0.0,95.83333333333334
