True Label,0,1,2
0,100.0,0.0,0.0
1,11.76470588235294,82.35294117647058,5.88235294117647
2,0.0,5.88235294117647,94.11764705882352
