True Label,0,1,2
0,93.75,0.0,6.25
1,8.695652173913043,91.30434782608695,0.0
2,8.333333333333332,0.0,91.66666666666666
