True Label,0,1,2
0,100.0,0.0,0.0
1,8.333333333333332,83.33333333333334,8.333333333333332
2,5.555555555555555,0.0,94.44444444444444
